Assessed Villages,Displaced Households,Origin (Territoire),Latitude,Longitude
Bikenge,247,Punia,-2.38333304843,27.38333304000
Ibumba,17,Pangi,-2.18333303710,27.63333288000
Kampala,31,Pangi,-2.20000006365,27.74999988000
Katchungu,23,Mwenga,-2.44049043493,27.39226595740
Kato,47,Pangi,-2.35000004043,27.63333288000
Kibugiri,38,Mwenga,-2.26666698854,27.46666692000
Lolo,43,Pangi,-2.25000000515,27.71666712000
Milenda ,690,Punia,-2.31666694628,27.43333308000
Niabembe,95,Pangi,-2.23333300882,27.73333296000
Tchambogo,107,Mwenga,-2.45204563062,27.43350144380
Tshonka I,12,Pangi,-2.31666694628,27.51666696000
