<?xml version="1.0"?>
<!--<!DOCTYPE metadata SYSTEM "http://www.esri.com/metadata/esriprof80.dtd">-->
<metadata xml:lang="fr"><Esri><CreaDate>20131017</CreaDate><CreaTime>15182800</CreaTime><SyncOnce>FALSE</SyncOnce><DataProperties><lineage><Process Name="DefineProjection_2" ToolSource="C:\Program Files\ArcGIS\ArcToolbox\Toolboxes\Data Management Tools.tbx\DefineProjection" Date="20080218" Time="183252">DefineProjection C:\UNOCHA\MXD.doc\secteur2check\Secteurs_Corrigés\secteurs_region.shp GEOGCS['GCS_WGS_1984',DATUM['D_WGS_1984',SPHEROID['WGS_1984',6378137.0,298.257223563]],PRIMEM['Greenwich',0.0],UNIT['Degree',0.0174532925199433]] C:\UNOCHA\MXD.doc\secteur2check\Secteurs_Corrigés\secteurs_region.shp</Process><Process Name="DefineProjection_3" ToolSource="C:\Program Files\ArcGIS\ArcToolbox\Toolboxes\Data Management Tools.tbx\DefineProjection" Date="20080326" Time="085429">DefineProjection C:\Xa\work\UNDP\data\RGC\update\080217_Territoire_topology_&amp;_secteurOCHA\in\secteurs_region.shp GEOGCS['GCS_WGS_1984',DATUM['D_WGS_1984',SPHEROID['WGS_1984',6378137.0,298.257223563]],PRIMEM['Greenwich',0.0],UNIT['Degree',0.0174532925199433]] C:\Xa\work\UNDP\data\RGC\update\080217_Territoire_topology_&amp;_secteurOCHA\in\secteurs_region.shp</Process><Process Name="DefineProjection_1" ToolSource="C:\Program Files\ArcGIS\ArcToolbox\Toolboxes\Data Management Tools.tbx\DefineProjection" Date="20080326" Time="090041">DefineProjection C:\Xa\work\UNDP\data\RGC\update\080217_Territoire_topology_&amp;_secteurOCHA\in\secteurs_region.shp GEOGCS['GCS_WGS_1984',DATUM['D_WGS_1984',SPHEROID['WGS_1984',6378137.0,298.257223563]],PRIMEM['Greenwich',0.0],UNIT['Degree',0.0174532925199433]] C:\Xa\work\UNDP\data\RGC\update\080217_Territoire_topology_&amp;_secteurOCHA\in\secteurs_region.shp</Process><Process Name="FeatureToLine_3" ToolSource="C:\Program Files\ArcGIS\ArcToolbox\Toolboxes\Data Management Tools.tbx\FeatureToLine" Date="20080331" Time="145137">FeatureToLine 'Limites Administratives\secteurs_region(v2)' C:\Xa\work\UNDP\data\RGC\update\080217_Territoire_topology_&amp;_secteurOCHA\intermediate_files\Secteur_correction.gdb\S_line # NO_ATTRIBUTES</Process><Process Name="FeatureToPolygon_4" ToolSource="C:\Program Files\ArcGIS\ArcToolbox\Toolboxes\Data Management Tools.tbx\FeatureToPolygon" Date="20080408" Time="122227">FeatureToPolygon S_line C:\Xa\work\UNDP\data\RGC\update\080217_Territoire_topology_&amp;_secteurOCHA\intermediate_files\Secteur_correction.gdb\S_Pol10m3 "10 Meters" NO_ATTRIBUTES Sector_centroid</Process><Process Name="SpatialJoin_5" ToolSource="C:\Program Files\ArcGIS\ArcToolbox\Toolboxes\Analysis Tools.tbx\SpatialJoin" Date="20080408" Time="122844">SpatialJoin S_Pol10m3 Sector_centroid C:\Xa\work\UNDP\data\RGC\update\080217_Territoire_topology_&amp;_secteurOCHA\intermediate_files\Secteur_correction.gdb\S_Pol10m3_SpatialJoin JOIN_ONE_TO_ONE KEEP_ALL "Shape_Length Shape_Length false true true 8 Double 0 0 ,First,#,C:\Xa\work\UNDP\data\RGC\update\080217_Territoire_topology_&amp;_secteurOCHA\intermediate_files\Secteur_correction.gdb\S_Pol10m3,Shape_Length,-1,-1;Shape_Area Shape_Area false true true 8 Double 0 0 ,First,#,C:\Xa\work\UNDP\data\RGC\update\080217_Territoire_topology_&amp;_secteurOCHA\intermediate_files\Secteur_correction.gdb\S_Pol10m3,Shape_Area,-1,-1;SCE_SEM SCE_SEM true false false 254 Text 0 0 ,First,#,C:\Xa\work\UNDP\data\RGC\update\080217_Territoire_topology_&amp;_secteurOCHA\intermediate_files\Sector_centroid.shp,SCE_SEM,-1,-1;SCE_GEO SCE_GEO true false false 254 Text 0 0 ,First,#,C:\Xa\work\UNDP\data\RGC\update\080217_Territoire_topology_&amp;_secteurOCHA\intermediate_files\Sector_centroid.shp,SCE_GEO,-1,-1;MODIF MODIF true true false 8 Date 0 0 ,First,#,C:\Xa\work\UNDP\data\RGC\update\080217_Territoire_topology_&amp;_secteurOCHA\intermediate_files\Sector_centroid.shp,MODIF,-1,-1;ORIGINE ORIGINE true false false 254 Text 0 0 ,First,#,C:\Xa\work\UNDP\data\RGC\update\080217_Territoire_topology_&amp;_secteurOCHA\intermediate_files\Sector_centroid.shp,ORIGINE,-1,-1;NOM NOM true false false 254 Text 0 0 ,First,#,C:\Xa\work\UNDP\data\RGC\update\080217_Territoire_topology_&amp;_secteurOCHA\intermediate_files\Sector_centroid.shp,NOM,-1,-1;CODE_INS CODE_INS true false false 16 Double 6 15 ,First,#,C:\Xa\work\UNDP\data\RGC\update\080217_Territoire_topology_&amp;_secteurOCHA\intermediate_files\Sector_centroid.shp,CODE_INS,-1,-1;SURFACE SURFACE true false false 16 Double 6 15 ,First,#,C:\Xa\work\UNDP\data\RGC\update\080217_Territoire_topology_&amp;_secteurOCHA\intermediate_files\Sector_centroid.shp,SURFACE,-1,-1;PROVINCE PROVINCE true false false 254 Text 0 0 ,First,#,C:\Xa\work\UNDP\data\RGC\update\080217_Territoire_topology_&amp;_secteurOCHA\intermediate_files\Sector_centroid.shp,PROVINCE,-1,-1;DISTRICT DISTRICT true false false 254 Text 0 0 ,First,#,C:\Xa\work\UNDP\data\RGC\update\080217_Territoire_topology_&amp;_secteurOCHA\intermediate_files\Sector_centroid.shp,DISTRICT,-1,-1;TERRITOIRE TERRITOIRE true false false 254 Text 0 0 ,First,#,C:\Xa\work\UNDP\data\RGC\update\080217_Territoire_topology_&amp;_secteurOCHA\intermediate_files\Sector_centroid.shp,TERRITOIRE,-1,-1;Xcentroid Xcentroid true false false 16 Double 6 15 ,First,#,C:\Xa\work\UNDP\data\RGC\update\080217_Territoire_topology_&amp;_secteurOCHA\intermediate_files\Sector_centroid.shp,Xcentroid,-1,-1;Ycentroid Ycentroid true false false 16 Double 6 15 ,First,#,C:\Xa\work\UNDP\data\RGC\update\080217_Territoire_topology_&amp;_secteurOCHA\intermediate_files\Sector_centroid.shp,Ycentroid,-1,-1" INTERSECTS "0 Meters"</Process><Process Name="Dissolve_8" ToolSource="C:\Program Files\ArcGIS\ArcToolbox\Toolboxes\Data Management Tools.tbx\Dissolve" Date="20080516" Time="201351">Dissolve MaJ\Secteur_npol C:\Xa\work\UNDP\data\RGC\update\080217_Territoire_topology_&amp;_secteurOCHA\intermediate_files\Secteur_npol_Dissolve1.shp NOM;CODE_INS;TYPE # MULTI_PART</Process><Process Name="Dissolve_1" ToolSource="C:\Program Files\ArcGIS\ArcToolbox\Toolboxes\Data Management Tools.tbx\Dissolve" Date="20080516" Time="204700">Dissolve MaJ\Secteur(maj) C:\Xa\work\UNDP\data\RGC\update\080217_Territoire_topology_&amp;_secteurOCHA\out\Secteur_Dissolve.shp NOM;CODE_INS;TYPE;SCE_SEM;SCE_GEO;MODIF;ORIGINE # MULTI_PART</Process><Process Name="Dissolve_2" ToolSource="C:\Program Files\ArcGIS\ArcToolbox\Toolboxes\Data Management Tools.tbx\Dissolve" Date="20100129" Time="165848">Dissolve Admin\Collectivite D:\work_GIS\100112_centroid_admin\tmp\coll_dissolve2.shp CODE_INS # MULTI_PART</Process><Process Name="Dissolve_3" ToolSource="C:\Program Files\ArcGIS\ArcToolbox\Toolboxes\Data Management Tools.tbx\Dissolve" Date="20100618" Time="100831">Dissolve collectivite_plus(edit) D:\work_GIS\100506_rivier_update\edit\collectivite_plus_Dissolve2.shp code_T # SINGLE_PART</Process><Process Name="Erase_3" ToolSource="C:\Program Files\ArcGIS\ArcToolbox\Toolboxes\Analysis Tools.tbx\Erase" Date="20100618" Time="122039">Erase Territoire(edit) Kindu D:\work_GIS\EDIT\Territoire.shp #</Process><Process ToolSource="c:\program files (x86)\arcgis\desktop10.1\ArcToolbox\Toolboxes\Data Management Tools.tbx\Project" Date="20131017" Time="151828">Project C:\REACH\REACH_TECH\candidature\test\DRC\territoires.shp C:\REACH\REACH_TECH\candidature\test\DRC\wgs84\territoires.shp GEOGCS['GCS_WGS_1984',DATUM['D_WGS_1984',SPHEROID['WGS_1984',6378137.0,298.257223563]],PRIMEM['Greenwich',0.0],UNIT['Degree',0.0174532925199433]] # PROJCS['World_Mercator',GEOGCS['GCS_WGS_1984',DATUM['D_WGS_1984',SPHEROID['WGS_1984',6378137.0,298.257223563]],PRIMEM['Greenwich',0.0],UNIT['Degree',0.0174532925199433]],PROJECTION['Mercator'],PARAMETER['False_Easting',0.0],PARAMETER['False_Northing',0.0],PARAMETER['Central_Meridian',0.0],PARAMETER['Standard_Parallel_1',0.0],UNIT['Meter',1.0]]</Process><Process ToolSource="e:\program files (x86)\arcgis\desktop10.1\ArcToolbox\Toolboxes\Data Management Tools.tbx\CalculateField" Date="20131029" Time="135730">CalculateField territoires Name [NOM] VB #</Process></lineage></DataProperties><SyncDate>20100618</SyncDate><SyncTime>12203600</SyncTime><ModDate>20100618</ModDate><ModTime>12203600</ModTime><ArcGISFormat>1.0</ArcGISFormat><ArcGISstyle>ISO 19139 Metadata Implementation Specification</ArcGISstyle></Esri><idinfo><native Sync="TRUE">Microsoft Windows XP Version 5.1 (Build 2600) Service Pack 3; ESRI ArcCatalog 9.2.0.1324</native><descript><langdata Sync="TRUE">fr</langdata><abstract>REQUIRED: A brief narrative summary of the data set.</abstract><purpose>REQUIRED: A summary of the intentions with which the data set was developed.</purpose></descript><citation><citeinfo><origin>REQUIRED: The name of an organization or individual that developed the data set.</origin><pubdate>REQUIRED: The date when the data set is published or otherwise made available for release.</pubdate><title Sync="TRUE">Territoire</title><ftname Sync="TRUE">Territoire</ftname><geoform Sync="TRUE">vector digital data</geoform><onlink Sync="TRUE">\\D52L1DH1\D$\work_GIS\EDIT\Territoire.shp</onlink></citeinfo></citation><timeperd><current>REQUIRED: The basis on which the time period of content information is determined.</current><timeinfo><sngdate><caldate>REQUIRED: The year (and optionally month, or month and day) for which the data set corresponds to the ground.</caldate></sngdate></timeinfo></timeperd><status><progress>REQUIRED: The state of the data set.</progress><update>REQUIRED: The frequency with which changes and additions are made to the data set after the initial data set is completed.</update></status><spdom><bounding><westbc Sync="TRUE">12.205665</westbc><eastbc Sync="TRUE">31.277300</eastbc><northbc Sync="TRUE">5.386098</northbc><southbc Sync="TRUE">-13.455999</southbc></bounding><lboundng><leftbc Sync="TRUE">1358728.362900</leftbc><rightbc Sync="TRUE">3481773.113900</rightbc><bottombc Sync="TRUE">-1501940.700162</bottombc><topbc Sync="TRUE">596454.763800</topbc></lboundng></spdom><keywords><theme><themekt>REQUIRED: Reference to a formally registered thesaurus or a similar authoritative source of theme keywords.</themekt><themekey>REQUIRED: Common-use word or phrase used to describe the subject of the data set.</themekey></theme></keywords><accconst>REQUIRED: Restrictions and legal prerequisites for accessing the data set.</accconst><useconst>REQUIRED: Restrictions and legal prerequisites for using the data set after access is granted.</useconst><natvform Sync="TRUE">Shapefile</natvform></idinfo><dataIdInfo><envirDesc Sync="TRUE">Microsoft Windows XP Version 5.1 (Build 2600) Service Pack 3; ESRI ArcCatalog 9.2.0.1324</envirDesc><dataLang><languageCode Sync="TRUE" value="fr"></languageCode></dataLang><idCitation><resTitle Sync="TRUE">Territoire</resTitle><presForm><PresFormCd Sync="TRUE" value="005"></PresFormCd></presForm></idCitation><spatRpType><SpatRepTypCd Sync="TRUE" value="001"></SpatRepTypCd></spatRpType><dataExt><geoEle><GeoBndBox esriExtentType="native"><westBL Sync="TRUE">1358728.3629</westBL><eastBL Sync="TRUE">3481773.1139</eastBL><northBL Sync="TRUE">596454.7638</northBL><southBL Sync="TRUE">-1501940.700162</southBL><exTypeCode Sync="TRUE">1</exTypeCode></GeoBndBox></geoEle></dataExt><geoBox esriExtentType="decdegrees"><westBL Sync="TRUE">12.205665</westBL><eastBL Sync="TRUE">31.2773</eastBL><northBL Sync="TRUE">5.386098</northBL><southBL Sync="TRUE">-13.455999</southBL><exTypeCode Sync="TRUE">1</exTypeCode></geoBox></dataIdInfo><metainfo><langmeta Sync="TRUE">fr</langmeta><metstdn Sync="TRUE">FGDC Content Standards for Digital Geospatial Metadata</metstdn><metstdv Sync="TRUE">FGDC-STD-001-1998</metstdv><mettc Sync="TRUE">local time</mettc><metc><cntinfo><cntorgp><cntper>REQUIRED: The person responsible for the metadata information.</cntper><cntorg>REQUIRED: The organization responsible for the metadata information.</cntorg></cntorgp><cntaddr><addrtype>REQUIRED: The mailing and/or physical address for the organization or individual.</addrtype><city>REQUIRED: The city of the address.</city><state>REQUIRED: The state or province of the address.</state><postal>REQUIRED: The ZIP or other postal code of the address.</postal></cntaddr><cntvoice>REQUIRED: The telephone number by which individuals can speak to the organization or individual.</cntvoice></cntinfo></metc><metd Sync="TRUE">20100618</metd><metextns><onlink Sync="TRUE">http://www.esri.com/metadata/esriprof80.html</onlink><metprof Sync="TRUE">ESRI Metadata Profile</metprof></metextns></metainfo><mdLang><languageCode Sync="TRUE" value="fr"></languageCode></mdLang><mdStanName Sync="TRUE">ISO 19115 Geographic Information - Metadata</mdStanName><mdStanVer Sync="TRUE">DIS_ESRI1.0</mdStanVer><mdChar><CharSetCd Sync="TRUE" value="004"></CharSetCd></mdChar><mdHrLv><ScopeCd Sync="TRUE" value="005"></ScopeCd></mdHrLv><mdHrLvName Sync="TRUE">dataset</mdHrLvName><distinfo><resdesc Sync="TRUE">Downloadable Data</resdesc><stdorder><digform><digtinfo><transize Sync="TRUE">0.000</transize><dssize Sync="TRUE">0.000</dssize></digtinfo></digform></stdorder></distinfo><distInfo><distributor><distorTran><onLineSrc><orDesc Sync="TRUE">002</orDesc><linkage Sync="TRUE">file://\\D52L1DH1\D$\work_GIS\EDIT\Territoire.shp</linkage><protocol Sync="TRUE">Local Area Network</protocol></onLineSrc><transSize Sync="TRUE">0.000</transSize></distorTran><distorFormat><formatName Sync="TRUE">Shapefile</formatName></distorFormat></distributor></distInfo><spdoinfo><direct Sync="TRUE">Vector</direct><ptvctinf><esriterm Name="Territoire"><efeatyp Sync="TRUE">Simple</efeatyp><efeageom Sync="TRUE">Polygon</efeageom><esritopo Sync="TRUE">FALSE</esritopo><efeacnt Sync="TRUE">0</efeacnt><spindex Sync="TRUE">FALSE</spindex><linrefer Sync="TRUE">FALSE</linrefer></esriterm><sdtsterm Name="Territoire"><sdtstype Sync="TRUE">G-polygon</sdtstype><ptvctcnt Sync="TRUE">0</ptvctcnt></sdtsterm></ptvctinf></spdoinfo><spref><horizsys><cordsysn><geogcsn Sync="TRUE">GCS_WGS_1984</geogcsn><projcsn Sync="TRUE">World_Mercator</projcsn></cordsysn><geodetic><horizdn Sync="TRUE">D_WGS_1984</horizdn><ellips Sync="TRUE">WGS_1984</ellips><semiaxis Sync="TRUE">6378137.000000</semiaxis><denflat Sync="TRUE">298.257224</denflat></geodetic><planar><planci><plance Sync="TRUE">coordinate pair</plance><plandu Sync="TRUE">meters</plandu><coordrep><absres Sync="TRUE">0.000000</absres><ordres Sync="TRUE">0.000000</ordres></coordrep></planci><mapproj><mapprojn Sync="TRUE">Mercator</mapprojn><mercator><stdparll Sync="TRUE">0.000000</stdparll><longcm Sync="TRUE">0.000000</longcm><feast Sync="TRUE">0.000000</feast><fnorth Sync="TRUE">0.000000</fnorth></mercator></mapproj></planar></horizsys></spref><refSysInfo><RefSystem><refSysID><identCode Sync="TRUE">World_Mercator</identCode></refSysID></RefSystem></refSysInfo><spatRepInfo><VectSpatRep><topLvl><TopoLevCd Sync="TRUE" value="001"></TopoLevCd></topLvl><geometObjs Name="Territoire"><geoObjTyp><GeoObjTypCd Sync="TRUE" value="001"></GeoObjTypCd></geoObjTyp><geoObjCnt Sync="TRUE">0</geoObjCnt></geometObjs></VectSpatRep></spatRepInfo><eainfo><detailed Name="Territoire"><enttyp><enttypl Sync="TRUE">Territoire</enttypl><enttypt Sync="TRUE">Feature Class</enttypt><enttypc Sync="TRUE">0</enttypc></enttyp><attr><attrlabl Sync="TRUE">Shape</attrlabl><attalias Sync="TRUE">Shape</attalias><attrtype Sync="TRUE">Geometry</attrtype><attwidth Sync="TRUE">0</attwidth><atprecis Sync="TRUE">0</atprecis><attscale Sync="TRUE">0</attscale><attrdef Sync="TRUE">Feature geometry.</attrdef><attrdefs Sync="TRUE">ESRI</attrdefs><attrdomv><udom Sync="TRUE">Coordinates defining the features.</udom></attrdomv></attr><attr><attrlabl Sync="TRUE">FID</attrlabl><attalias Sync="TRUE">FID</attalias><attrtype Sync="TRUE">Float</attrtype><attwidth Sync="TRUE">19</attwidth><attrdef Sync="TRUE">Internal feature number.</attrdef><attrdefs Sync="TRUE">ESRI</attrdefs><attrdomv><udom Sync="TRUE">Sequential unique whole numbers that are automatically generated.</udom></attrdomv><atnumdec Sync="TRUE">11</atnumdec></attr><attr><attrlabl Sync="TRUE">NOM</attrlabl><attalias Sync="TRUE">NOM</attalias><attrtype Sync="TRUE">String</attrtype><attwidth Sync="TRUE">30</attwidth></attr><attr><attrlabl Sync="TRUE">TYPE</attrlabl><attalias Sync="TRUE">TYPE</attalias><attrtype Sync="TRUE">String</attrtype><attwidth Sync="TRUE">30</attwidth></attr><attr><attrlabl Sync="TRUE">CODE_INS</attrlabl><attalias Sync="TRUE">CODE_INS</attalias><attrtype Sync="TRUE">Number</attrtype><attwidth Sync="TRUE">4</attwidth></attr></detailed></eainfo><mdDateSt Sync="TRUE">20100618</mdDateSt><dataqual><lineage><procstep><procdesc Sync="TRUE">Dataset copied.</procdesc><srcused Sync="TRUE">\\D6CQB33J\C$\Xa\work\UNDP\data\RGC\update\080217_Territoire_topology_&amp;_secteurOCHA\intermediate_files\Secteur_correction.gdb</srcused><date Sync="TRUE">20080513</date><time Sync="TRUE">14554900</time></procstep><procstep><procdesc Sync="TRUE">Dataset moved.</procdesc><srcused Sync="TRUE">C:\Xa\work\UNDP\data\RGC\update\080217_Territoire_topology_&amp;_secteurOCHA\intermediate_files\Secteur</srcused><date Sync="TRUE">20080516</date><time Sync="TRUE">20145900</time></procstep><procstep><procdesc Sync="TRUE">Dataset copied.</procdesc><srcused Sync="TRUE">C:\Xa\work\UNDP\data\RGC\update\080217_Territoire_topology_&amp;_secteurOCHA\out\Secteur</srcused><date Sync="TRUE">20080522</date><time Sync="TRUE">08484700</time></procstep><procstep><procdesc Sync="TRUE">Dataset copied.</procdesc><srcused Sync="TRUE">D:\work_GIS\100112_centroid_admin\tmp\coll_dissolve2</srcused><date Sync="TRUE">20100129</date><time Sync="TRUE">17232200</time></procstep><procstep><procdesc Sync="TRUE">Dataset copied.</procdesc><srcused Sync="TRUE">D:\data\RGC\collectivite</srcused><date Sync="TRUE">20100506</date><time Sync="TRUE">13005900</time></procstep><procstep><procdesc Sync="TRUE">Dataset copied.</procdesc><srcused Sync="TRUE"></srcused><date Sync="TRUE">20100617</date><time Sync="TRUE">16165300</time></procstep><procstep><procdesc Sync="TRUE">Dataset copied.</procdesc><srcused Sync="TRUE">\\D52L1DH1\D$\work_GIS\100506_rivier_update\edit\admin.gdb</srcused><date Sync="TRUE">20100617</date><time Sync="TRUE">17350300</time></procstep><procstep><procdesc Sync="TRUE">Dataset moved.</procdesc><srcused Sync="TRUE">D:\work_GIS\EDIT\collectivite_plus</srcused><date Sync="TRUE">20100618</date><time Sync="TRUE">09564900</time></procstep></lineage></dataqual></metadata>
